{
    "timestamp": "2025-03-23 18:55:46",
    "model_path": "models/lstm_model_best.pth",
    "metrics": {
        "accuracy": 0.5111111111111111,
        "precision": 0.5111111111111111,
        "recall": 1.0,
        "f1_score": 0.6764705882352942
    },
    "predictions": {
        "total_samples": 45,
        "predicted_real": 0,
        "predicted_fake": 45
    }
}